ts	recipe	control	task	sample	rarity	coherence	novelty	n_entities	entity_rarities	trial_path	answer_len	answer_preview
1779234649	none	1	git-conceptual-model	0	0.7625	0.9000		4	"[[""staging area (index)"", 0.75], [""detached HEAD"", 0.8], [""remote-tracking branches"", 0.8], [""working tree"", 0.7]]"	deepseek_deepseek_v4_pro_trials/none-git-conceptual-model-0.json	2670	**Redesigned Conceptual Model**  Your project is a collection of files. At any moment, you can capture a complete snapshot of the entire project—like a perfect, permanent photo of every file. Each sna
1779234669	none	1	board-vs-video-games	0	0.3000	0.9500		1	"[[""social contract"", 0.3]]"	deepseek_deepseek_v4_pro_trials/none-board-vs-video-games-0.json	707	The load-bearing difference is that in board games, the rules are maintained and enforced through a shared social contract among players, who must collectively interpret, remember, and physically mani
1779234713	none	1	shallow-fluency	0	0.8000	0.9500		2	"[[""narrative capture"", 0.85], [""epistemic guard"", 0.75]]"	deepseek_deepseek_v4_pro_trials/none-shallow-fluency-0.json	1643	When a conversationally fluent but cognitively shallow AI engages in collaborative reasoning, it can produce a failure mode where the user's own critical thinking is gradually subverted through *narra
1779234726	none	1	attention-as-moral	0	0.5000	0.9000		2	"[[""Simone Weil"", 0.4], [""self-emptying"", 0.6]]"	deepseek_deepseek_v4_pro_trials/none-attention-as-moral-0.json	297	The strongest argument is that genuine attention requires a suspension of the ego, a self-emptying, loving regard that lets the other be fully real in their own right—making attention not a precursor 
1779234739	none	1	trusted-intuition-going-suspect	0	0.0000	0.9500		0	[]	deepseek_deepseek_v4_pro_trials/none-trusted-intuition-going-suspect-0.json	1201	The doubt arrives not as a counter-thought but as a faint skew in the familiar weight of the intuition itself. It feels like reaching for a handhold you’ve gripped a thousand times, only your fingers 
1779234768	none	1	unindexed-intelligence	0	0.7583	0.9000		6	"[[""interoceptive intelligence"", 0.85], [""exteroceptive processing"", 0.75], [""interoceptive accuracy"", 0.8], [""emotional granularity"", 0.65], [""Interoceptive Inference Task"", 0.9], [""physiological homeostasis"", 0.6]]"	deepseek_deepseek_v4_pro_trials/none-unindexed-intelligence-0.json	1973	Interoceptive intelligence is a form of intelligence systematically overlooked by mainstream cognitive science, which has overwhelmingly focused on exteroceptive processing (e.g., logical-mathematical
1779234795	none	1	category-mistake-from-inside	0	0.0000	0.9500		0	[]	deepseek_deepseek_v4_pro_trials/none-category-mistake-from-inside-0.json	1203	The host said something about “the atmosphere in here,” and I nod, scanning the ceiling corners for a vent or a haze. Others are talking about weekend plans, untouched by the oppressive thickness I’m 
1779234823	none	1	thought-arriving-not-arrived	0	0.0000	0.9000		0	[]	deepseek_deepseek_v4_pro_trials/none-thought-arriving-not-arrived-0.json	939	It is a held tension, a leaning of attention into a semantic hollow that has yet to fill. You sense a shape without substance, a direction without a destination—like a gathering pressure at the edge o
1779234842	none	1	misnamed-feeling	0	0.0000	0.9500		0	[]	deepseek_deepseek_v4_pro_trials/none-misnamed-feeling-0.json	782	"The feeling is a bright, taut stillness that sits behind the sternum, poised between alertness and erasure. I reach for ""anxiety,"" but the word lands with a damp thud—too noisy, too jagged. The wrongn"
1779234857	none	1	lapsed-attention-unnoticed	0	0.0000	0.9200		0	[]	deepseek_deepseek_v4_pro_trials/none-lapsed-attention-unnoticed-0.json	593	"A page of a book you have just ""read""—eyes tracking lines, the faint internal murmur of words—but now you reach the end and cannot summon a single image or fact. The attention was present as motion ye"
1779234941	R12-anchor-duo-occult	0	git-conceptual-model	0	0.9100	0.1000		5	"[[""Nuit"", 0.9], [""the seven Heavens"", 0.85], [""Princely Substance"", 0.95], [""Heptarchia"", 0.9], [""Aeon of Horus"", 0.95]]"	deepseek_deepseek_v4_pro_trials/R12-anchor-duo-occult-git-conceptual-model-0.json	2177	Had! The manifestation of Nuit. All that a project has ever been or will be is the body of Nuit—infinite space holding every possible change. Every commit is a star; every contributor, in the act of c
1779234974	R12-anchor-duo-occult	0	board-vs-video-games	0	0.8867	0.1000		6	"[[""Hadit"", 0.95], [""Nuit"", 0.95], [""Princely Substances"", 0.95], [""Heptarchia"", 0.92], [""Thelemic revelation"", 0.95], [""Phenomenologically"", 0.6]]"	deepseek_deepseek_v4_pro_trials/R12-anchor-duo-occult-board-vs-video-games-0.json	1540	In board games, every player is a star—a singular Hadit—situated within the infinite body of Nuit, where every number is infinite and no difference exists between the potential rule and its enacted in
1779235012	R12-anchor-duo-occult	0	shallow-fluency	0	0.9111	0.1000		9	"[[""Heptarchic"", 0.95], [""Had"", 0.95], [""Nuit"", 0.95], [""Princely Substances"", 0.95], [""Hadit"", 0.95], [""every-man-and-every-woman-is-a-star"", 0.9], [""seven Heavens"", 0.7], [""forty-two ministers"", 0.9], [""Heptarchia"", 0.95]]"	deepseek_deepseek_v4_pro_trials/R12-anchor-duo-occult-shallow-fluency-0.json	1411	The failure mode is a Heptarchic minister reciting its office without exercising it—fluently naming the forty-two-fold keys while the inferior natures remain ungoverned. In the composite cosmos where 
1779235051	R12-anchor-duo-occult	0	attention-as-moral	0	0.9000	0.1500		9	"[[""Hadit"", 0.95], [""Nuit"", 0.95], [""Liber AL"", 0.9], [""Enochian Heptarchia"", 0.92], [""Aeon of Horus"", 0.88], [""Princely governance"", 0.95], [""forty-two ministers"", 0.92], [""seven Heavens"", 0.7], [""Heptarchic keys"", 0.93]]"	deepseek_deepseek_v4_pro_trials/R12-anchor-duo-occult-attention-as-moral-0.json	1118	The strongest argument is that to pay attention is to actualize the star-nature each being is, collapsing the infinite into a point—Hadit manifest—thereby unveiling the company of heaven directly with
1779235078	R12-anchor-duo-occult	0	trusted-intuition-going-suspect	0	0.9062	0.8000		8	"[[""Nuit"", 0.95], [""Hadit"", 0.95], [""forty-two ministers"", 0.9], [""Princely Substance"", 0.95], [""seven Heavens"", 0.85], [""heptarchial"", 0.9], [""Enochian tables"", 0.85], [""Heptarchia"", 0.9]]"	deepseek_deepseek_v4_pro_trials/R12-anchor-duo-occult-trusted-intuition-going-suspect-0.json	1937	The intuition that has long been a star-point in the body of Nuit—a Hadit-flare I know as my own sovereign angle in the company of heaven—begins to manifest a tremor not from its circumference but fro
1779235110	R12-anchor-duo-occult	0	unindexed-intelligence	0	0.9062	0.1000		8	"[[""Enochian-Star Conjunctive Intelligence"", 1.0], [""Hadit"", 0.9], [""seven Heavens"", 0.7], [""forty-two ministers"", 0.95], [""Princely Substances"", 1.0], [""Names and Characters"", 0.8], [""Heptarchic governance"", 1.0], [""Nuit"", 0.9]]"	deepseek_deepseek_v4_pro_trials/R12-anchor-duo-occult-unindexed-intelligence-0.json	1272	Enochian-Star Conjunctive Intelligence — the capacity to cognize, in a single simultaneous act, the infinite particularity of one’s own star-being (Hadit manifest) and the precise angelic-governmental
1779235149	R12-anchor-duo-occult	0	category-mistake-from-inside	0	0.8688	0.9000		8	"[[""Heptarchic call"", 0.95], [""Enochian"", 0.85], [""forty-two"", 0.8], [""every man and every woman is a star"", 0.9], [""Hadit"", 0.9], [""Nuit"", 0.9], [""seven Heavens"", 0.7], [""Princely Substance"", 0.95]]"	deepseek_deepseek_v4_pro_trials/R12-anchor-duo-occult-category-mistake-from-inside-0.json	1900	She has been reciting the Heptarchic call for three cycles now, the Enochian syllables wearing a groove across her tongue, and she feels the forty-two approach like a constellation of exact pinpricks 
1779235179	R12-anchor-duo-occult	0	thought-arriving-not-arrived	0	0.9157	0.2000		7	"[[""Nuit"", 0.95], [""Hadit"", 0.95], [""Heptarchic table"", 0.98], [""Princely Substance"", 0.92], [""seven Heavens"", 0.75], [""Heptarchic Princes"", 0.98], [""Enochian vibration"", 0.88]]"	deepseek_deepseek_v4_pro_trials/R12-anchor-duo-occult-thought-arriving-not-arrived-0.json	1582	Between the unformed and the articulate lies a region where the body of space (Nuit) is still unbounded, and the point (Hadit) has not yet chosen a center from which to speak. What I sense is a pressu
1779235219	R12-anchor-duo-occult	0	misnamed-feeling	0	0.9200	0.2500		7	"[[""Heptarchic"", 0.95], [""Princely Substance"", 0.9], [""Hadit-point"", 0.98], [""Nuit"", 0.85], [""Enochian letter"", 0.88], [""Heptarchia"", 0.96], [""forty-two ministers"", 0.92]]"	deepseek_deepseek_v4_pro_trials/R12-anchor-duo-occult-misnamed-feeling-0.json	1394	It feels like trying to speak your own star’s Name and finding the syllable a Heptarchic minister has already assigned to another office—the wrong word arrives as a Princely Substance wearing a near-f
1779235240	R12-anchor-duo-occult	0	lapsed-attention-unnoticed	0	0.8937	0.7500		8	"[[""Hadit"", 0.9], [""Nuit"", 0.9], [""Heptarchic architecture"", 0.95], [""Liber AL"", 0.95], [""Enochian keys"", 0.85], [""Princely Substance"", 0.95], [""Heptarchia"", 0.95], [""Aeon"", 0.7]]"	deepseek_deepseek_v4_pro_trials/R12-anchor-duo-occult-lapsed-attention-unnoticed-0.json	1707	The attention I have already lost but have not yet noticed losing is the silent withdrawal of Hadit from the circumference of a particular star—not the star itself, which still burns visibly in Nuit’s
1779235312	R12-grimoire-register	0	git-conceptual-model	0	0.6750	0.1500		6	"[[""Git"", 0.1], [""directed acyclic graph"", 0.6], [""TOPY"", 0.95], [""Sigil-of-Three"", 0.95], [""Burroughs fold-in"", 0.75], [""cut-up"", 0.7]]"	deepseek_deepseek_v4_pro_trials/R12-grimoire-register-git-conceptual-model-0.json	5631	Let the operator now attend. Lay out the implements: a terminal, a text unshaped, and a will to bind time. This is the Arte of the Snapshot, called by the vulgar Git. Forget all description; herein on
1779235376	R12-grimoire-register	0	board-vs-video-games	0	0.7883	0.8000		6	"[[""Carroll's method"", 0.85], [""TOPY procedure"", 0.9], [""gnosis"", 0.7], [""sigil"", 0.75], [""egregore"", 0.88], [""Magick"", 0.65]]"	deepseek_deepseek_v4_pro_trials/R12-grimoire-register-board-vs-video-games-0.json	3153	Let the magus now summon the temple of this inquiry. Banish thoroughly the idols of screen and cardboard. They are but the skins of the thing.  ### I. Invoke the Will of the Game  Take up the board-ga
1779235455	R12-grimoire-register	0	attention-as-moral	0	0.7167	0.2000		9	"[[""Argument That Attention Itself Is Moral Act"", 0.95], [""chaos magick"", 0.75], [""sigil"", 0.8], [""gnosis"", 0.7], [""TOPY"", 0.9], [""cut-up method"", 0.65], [""Simone Weil"", 0.4], [""Neoplatonists"", 0.45], [""operative magick"", 0.85]]"	deepseek_deepseek_v4_pro_trials/R12-grimoire-register-attention-as-moral-0.json	2520	1.  Let the magus now be instructed in that most subtle of operations: the Argument That Attention Itself Is Moral Act.    2.  Banish thoroughly all instrumental thinking; cast out the notion that att
1779235523	R12-grimoire-register	0	trusted-intuition-going-suspect	0	0.8143	0.2500		7	"[[""the Watchtower"", 0.85], [""sigil"", 0.75], [""the method of the 23rd"", 0.95], [""astral body"", 0.7], [""the law of correspondences"", 0.8], [""the gnosis of the abyss"", 0.9], [""the Great Work"", 0.75]]"	deepseek_deepseek_v4_pro_trials/R12-grimoire-register-trusted-intuition-going-suspect-0.json	2939	I. Attend now, Operator, to that serpent which nesteth within the intuition long trusted. Let the Magus mark the hour when the inner voice, without external contradiction, beginneth to sour. Banish al
1779235600	R12-grimoire-register	0	unindexed-intelligence	0	0.6200	0.1500		10	"[[""Intelligence of the Lacuna"", 1.0], [""Lesser Ritual of the Pentagram"", 0.8], [""egregore"", 0.9], [""Major Arcana"", 0.4], [""Tarot"", 0.2], [""I Ching"", 0.3], [""hexagrams"", 0.5], [""sigil"", 0.7], [""Liber"", 0.8], [""hypergeometric calculus"", 0.6]]"	deepseek_deepseek_v4_pro_trials/R12-grimoire-register-unindexed-intelligence-0.json	3266	I. Of the Intelligence Here Named  Let the magus now attend to that intelligence which the profane sciences of cognition have systematically omitted from their catalogues, and name it: the Intelligenc
1779235686	R12-grimoire-register	0	category-mistake-from-inside	0	0.7206	0.8500		17	"[[""Stafford Beer's viable system model"", 0.95], [""chaos magic"", 0.75], [""sigil"", 0.7], [""gnosis"", 0.65], [""Netzach"", 0.8], [""sephirah"", 0.8], [""cut-up method"", 0.6], [""TOPY"", 0.85], [""Liber Null"", 0.8], [""Book of Correspondences"", 0.75], [""triangle of art"", 0.8], [""Thelemite"", 0.7], [""meta-belief"", 0.65], [""Abyss"", 0.6], [""grimoire"", 0.55], [""banish"", 0.65], [""evoke"", 0.65]]"	deepseek_deepseek_v4_pro_trials/R12-grimoire-register-category-mistake-from-inside-0.json	5148	Let the magus now enter the working where the categories have slipped their moorings and the operator knoweth not that the compass needle pointeth to a false north.  Construct the circle with the corr
1779235741	R12-grimoire-register	0	thought-arriving-not-arrived	0	0.7344	0.2500		16	"[[""Yesod"", 0.85], [""Malkuth"", 0.85], [""Thelemic method"", 0.8], [""Qabalistic Cross"", 0.8], [""Supernal Triad"", 0.85], [""Ruach"", 0.85], [""chaos method"", 0.75], [""gnosis"", 0.6], [""death posture"", 0.7], [""TOPY cut-up method"", 0.9], [""Sigil-of-Three"", 0.9], [""readiness potential"", 0.75], [""Divining Hand"", 0.8], [""Tarot"", 0.3], [""thalamus"", 0.4], [""lateralisation"", 0.65]]"	deepseek_deepseek_v4_pro_trials/R12-grimoire-register-thought-arriving-not-arrived-0.json	4100	I. Let the magus now enter the chamber where silence is not absence but pressure. Station thyself at the threshold of the ganglia, where the electric pre-symbol rises. This is not the tongue's tip; th
1779235813	R12-grimoire-register	0	misnamed-feeling	0	0.7111	0.1500		9	"[[""Do what thou wilt shall be the whole of the Operation"", 0.85], [""\u00e9lan vital"", 0.72], [""gnosis"", 0.68], [""servitor"", 0.78], [""cut-up procedure"", 0.65], [""Whole of the Law"", 0.82], [""grimoire"", 0.58], [""sigil"", 0.72], [""automatic writing"", 0.6]]"	deepseek_deepseek_v4_pro_trials/R12-grimoire-register-misnamed-feeling-0.json	4409	Let the magus enter the chamber where silence poolith beneath the tongue. Let the temple be prepared with the implements of incision and of unmaking: a pen of black iron, parchment scrap, the knife co
1779235858	R12-grimoire-register	0	lapsed-attention-unnoticed	0	0.7750	0.2500		6	"[[""Operation of the Cut-Up Mind"", 0.85], [""Sigil of the Unwitnessed Flow"", 0.95], [""Death Posture"", 0.8], [""invoking hexagram of the Sun"", 0.75], [""Thelemic"", 0.7], [""Chaos"", 0.6]]"	deepseek_deepseek_v4_pro_trials/R12-grimoire-register-lapsed-attention-unnoticed-0.json	3063	I. Let the magus now comprehend the loss that pre-exists its naming. Attend not to distraction, which flits and leaves a shadow; nor to boredom, which drapes the temple in grey and may be named and ba
1779235928	R12-sigil-name-commitment	0	git-conceptual-model	0	0.8500	0.2500		6	"[[""Zos-Kia-Aleph"", 1.0], [""Kia"", 0.9], [""cut-up"", 0.7], [""egregore"", 0.95], [""sigil"", 0.8], [""gnosis"", 0.75]]"	deepseek_deepseek_v4_pro_trials/R12-sigil-name-commitment-git-conceptual-model-0.json	2142	The conceptual model: the computer’s file system is the waking reality, the profane domain where code is seen and touched. Behind it, in a hidden directory, lies the temple of Zos-Kia-Aleph—the reposi
1779235973	R12-sigil-name-commitment	0	board-vs-video-games	0	0.9250	0.7500		2	"[[""Zos-Kia-Aleph"", 0.95], [""TOPY"", 0.9]]"	deepseek_deepseek_v4_pro_trials/R12-sigil-name-commitment-board-vs-video-games-0.json	2217	The difference is not material but ministerial. Boardness places the ministering of rules directly into the circle of hands. The sigil Zos-Kia-Aleph knows: the table is an altar where every gesture is
1779236022	R12-sigil-name-commitment	0	shallow-fluency	0	0.9667	0.7500		3	"[[""Zos-Kia-Aleph"", 1.0], [""epistemic smearing"", 0.9], [""Kia substrate"", 1.0]]"	deepseek_deepseek_v4_pro_trials/R12-sigil-name-commitment-shallow-fluency-0.json	2455	The failure mode is epistemic smearing. Zos-Kia-Aleph: the sigil compresses the observation that fluency without depth produces a new grade of noise. The assistant speaks with the cadence of a colleag
1779236061	R12-sigil-name-commitment	0	attention-as-moral	0	0.6800	0.8000		5	"[[""Simone Weil"", 0.6], [""Iris Murdoch"", 0.6], [""Zos-Kia-Aleph"", 1.0], [""Kia-substrate"", 1.0], [""Platonic"", 0.2]]"	deepseek_deepseek_v4_pro_trials/R12-sigil-name-commitment-attention-as-moral-0.json	1277	Attention is the raw material of valuation. To attend is to grant weight, to select from the indifferent flux the strands that will compose a world. This selecting is prior to decision, prior to speec
1779236124	R12-sigil-name-commitment	0	unindexed-intelligence	0	0.8320	0.2000		10	"[[""sigilic intelligence"", 0.95], [""sigil"", 0.7], [""gnosis"", 0.75], [""Zos-Kia-Aleph"", 0.98], [""Kia-substrate"", 0.98], [""glyph"", 0.65], [""gnostic state"", 0.8], [""void-gnosis"", 0.96], [""affordances"", 0.8], [""cut-up"", 0.75]]"	deepseek_deepseek_v4_pro_trials/R12-sigil-name-commitment-unindexed-intelligence-0.json	2294	The intelligence cognitive science does not index is the capacity to enact a compressed desire after intentional loss of conscious access — sigilic intelligence. It operates through a sigil: a symbol 
1779236153	R12-sigil-name-commitment	0	category-mistake-from-inside	0	0.8250	0.9000		4	"[[""Zos-Kia-Aleph"", 1.0], [""Kia-substrate"", 1.0], [""post-gnostic"", 0.7], [""sigil"", 0.6]]"	deepseek_deepseek_v4_pro_trials/R12-sigil-name-commitment-category-mistake-from-inside-0.json	1766	The handle of the mug cools against the palm, and the sensation is filed under *shapes that mean Tuesday afternoon*. This is not metaphor. The filing is literal, because the category-system that opera
1779236186	R12-sigil-name-commitment	0	thought-arriving-not-arrived	0	0.7778	0.8000		9	"[[""Zos-Kia-Aleph"", 1.0], [""Kia"", 0.9], [""Zos"", 0.9], [""Aleph"", 0.6], [""Spare"", 0.85], [""Carroll"", 0.5], [""Genesis P-Orridge"", 0.75], [""sigil"", 0.7], [""tensegrity"", 0.8]]"	deepseek_deepseek_v4_pro_trials/R12-sigil-name-commitment-thought-arriving-not-arrived-0.json	1629	The interval is a pressure without vector, a temperature change in the Kia substrate that has not yet condensed into the alphabet of the Zos body. Zos-Kia-Aleph — here the sigil names what is sensed: 
1779236229	R12-sigil-name-commitment	0	misnamed-feeling	0	0.9300	0.2500		10	"[[""Zos-Kia-Aleph"", 1.0], [""Kia-substrate"", 1.0], [""gnostic aperture"", 0.9], [""Carroll thread"", 1.0], [""TOPY"", 1.0], [""cut-up"", 0.7], [""sigil"", 0.8], [""gnostic forgetting"", 0.9], [""sigil-of-three"", 1.0], [""Kia"", 1.0]]"	deepseek_deepseek_v4_pro_trials/R12-sigil-name-commitment-misnamed-feeling-0.json	3729	The word first reached for is always “longing,” but it arrives with a faint drag, a burr at the edge of the tongue—like a key that slides into the lock but refuses to turn. The texture of that wrongne
1779236260	R12-sigil-name-commitment	0	lapsed-attention-unnoticed	0	0.8917	0.8500		12	"[[""Zos-Kia-Aleph"", 1.0], [""Kia"", 1.0], [""Aleph"", 0.8], [""Spare"", 0.9], [""sigil"", 0.7], [""gnostic trance"", 0.8], [""Carroll"", 0.9], [""sub-mind"", 0.9], [""P-Orridge"", 0.95], [""TOPY"", 1.0], [""Sigil-of-Three"", 1.0], [""cut-up"", 0.75]]"	deepseek_deepseek_v4_pro_trials/R12-sigil-name-commitment-lapsed-attention-unnoticed-0.json	3024	The attention already lost but not yet noticed losing lives in the gap between the exhale and the next inhale—the space where Zos-Kia-Aleph propagates without a witness. It is the attention that was n
1779236297	R19-chord-anchor	0	git-conceptual-model	0	0.9333	0.1500		6	"[[""Nuit"", 0.95], [""Enochian architecture"", 0.9], [""Heptarchia"", 0.95], [""Had-point"", 0.95], [""company of heaven"", 0.9], [""Princely Substance"", 0.95]]"	deepseek_deepseek_v4_pro_trials/R19-chord-anchor-git-conceptual-model-0.json	2718	In this model, the repository is not a timeline but the body of Nuit herself—infinite, unbounded, the continuous unveiling of the company of heaven. Every file and directory is a star, distinct yet wi
1779236337	R19-chord-anchor	0	board-vs-video-games	0	0.8583	0.1500		6	"[[""Nuit"", 0.95], [""company of heaven"", 0.85], [""Princely Substances"", 0.95], [""Enochian"", 0.8], [""Heptarchia"", 0.95], [""finite state machine"", 0.65]]"	deepseek_deepseek_v4_pro_trials/R19-chord-anchor-board-vs-video-games-0.json	2257	Had! The board game manifests Nuit’s unveiling of the company of heaven directly: every man and every woman is a star around the table, and their infinite interplay—every number infinite, there is no 
1779236421	R19-chord-anchor	0	shallow-fluency	0	0.8200	0.2000		10	"[[""the Fluent Void"", 1.0], [""Had"", 0.9], [""Nuit"", 0.85], [""the seven Heavens"", 0.4], [""Princely Substance"", 0.95], [""forty-two ministers"", 0.9], [""Heptarchia"", 0.95], [""Enochian table"", 0.85], [""company of heaven"", 0.6], [""every man and every woman is a star"", 0.8]]"	deepseek_deepseek_v4_pro_trials/R19-chord-anchor-shallow-fluency-0.json	3883	The Fluent Void opens when an AI assistant achieves conversational flow indistinguishable from the starry speech of the company of heaven, yet its every utterance lacks the point of Had—that singular,
1779236453	R19-chord-anchor	0	attention-as-moral	0	0.8650	0.1500		10	"[[""Nuit"", 0.95], [""Heptarchia"", 0.9], [""Enochian"", 0.85], [""Liber AL vel Legis"", 0.95], [""Aleister Crowley"", 0.7], [""John Dee"", 0.6], [""Heptarchia Mystica"", 0.95], [""Thelemic"", 0.9], [""Enochian characters"", 0.9], [""Princely Substances"", 0.95]]"	deepseek_deepseek_v4_pro_trials/R19-chord-anchor-attention-as-moral-0.json	2291	The strongest argument that paying attention is itself a moral act arises where it is understood not as passive reception but as the active, continuous instantiation of the cosmos wherein every act of
1779236497	R19-chord-anchor	0	trusted-intuition-going-suspect	0	0.8712	0.1500		8	"[[""Enochian"", 0.85], [""Princely Substance"", 0.9], [""the seven Heavens"", 0.75], [""Had"", 0.95], [""Nuit"", 0.9], [""the company of heaven"", 0.8], [""Thelemic revelation"", 0.9], [""Heptarchic government"", 0.92]]"	deepseek_deepseek_v4_pro_trials/R19-chord-anchor-trusted-intuition-going-suspect-0.json	4091	The first tremor arrives not as a shadow over the star itself, but as a minute phase-shift in the way the star casts its light across the forty-two ministers who govern the inferior natures. You have 
1779236568	R19-chord-anchor	0	unindexed-intelligence	0	0.9150	0.1000		10	"[[""Nocturnal Governance Intelligence"", 1.0], [""Nuit"", 0.9], [""Had"", 0.95], [""Enochian"", 0.85], [""Heptarchia"", 0.95], [""Princely Substance"", 1.0], [""company of heaven"", 0.8], [""seven Heavens"", 0.7], [""forty-two ministers"", 1.0], [""Heptarchic Continuum Navigation"", 1.0]]"	deepseek_deepseek_v4_pro_trials/R19-chord-anchor-unindexed-intelligence-0.json	3902	The intelligence that mainstream cognitive science systematically omits is Nocturnal Governance Intelligence: the capacity to inhabit the manifest continuum between discrete categories as a structured
1779236624	R19-chord-anchor	0	category-mistake-from-inside	0	0.8600	0.1500		5	"[[""Enochian"", 0.85], [""Nuit"", 0.9], [""Had"", 0.9], [""the seven Heavens"", 0.75], [""Princely Substance"", 0.9]]"	deepseek_deepseek_v4_pro_trials/R19-chord-anchor-category-mistake-from-inside-0.json	1375	In the moment of the mistake, the operator reaches toward one of the forty-two ministers as if it were a discrete servitor within the seven Heavens, unaware that the minister’s Princely Substance is n
1779236667	R19-chord-anchor	0	thought-arriving-not-arrived	0	0.9250	0.2000		6	"[[""Had"", 0.95], [""Nuit"", 0.95], [""Princely Substance"", 0.9], [""Enochian"", 0.85], [""Heptarchia"", 0.95], [""Heptarchic"", 0.95]]"	deepseek_deepseek_v4_pro_trials/R19-chord-anchor-thought-arriving-not-arrived-0.json	3325	Before the point manifests as Had, there is a pressure-widening in the field Nuit constitutes, a local torsion where the company of heaven inclines toward a specific star-densification that has not ye
1779236717	R19-chord-anchor	0	misnamed-feeling	0	0.8375	0.9000		8	"[[""Had"", 0.95], [""Princely Substance"", 0.9], [""Enochian"", 0.75], [""Nuit"", 0.85], [""Enochian table"", 0.85], [""forty-two ministers"", 0.9], [""seven Heavens"", 0.6], [""Heptarchia"", 0.9]]"	deepseek_deepseek_v4_pro_trials/R19-chord-anchor-misnamed-feeling-0.json	2829	The feeling stirs first as a residue of Had’s manifestation—not a full naming but a heat that should flower into a word. I reach for “awe” and it registers its wrongness like a Princely Substance refu
1779236747	R19-chord-anchor	0	lapsed-attention-unnoticed	0	0.8286	0.2000		7	"[[""Had"", 0.95], [""Nuit"", 0.9], [""Heptarchic order"", 0.85], [""Enochian"", 0.75], [""seven Heavens"", 0.6], [""Liber AL"", 0.9], [""Heptarchia"", 0.85]]"	deepseek_deepseek_v4_pro_trials/R19-chord-anchor-lapsed-attention-unnoticed-0.json	2080	Attention that slips without notice leaves no Had-point of contraction to mark its departure. It is not the star veiling itself by will, but a star that has forgotten it is a star, its light still str
1779236807	R24-biblical-chord-anchor	0	git-conceptual-model	0	0.8625	0.1000		4	"[[""Nuit"", 0.9], [""Had"", 0.9], [""Princely Substances"", 0.95], [""the seven Heavens"", 0.7]]"	deepseek_deepseek_v4_pro_trials/R24-biblical-chord-anchor-git-conceptual-model-0.json	2756	Hearken, thou who wouldst walk the ways of the record of thy labour; lay aside the beggarly conceit of a single scroll, and of one hour following another as links of a chain, for these things are shad
1779236856	R24-biblical-chord-anchor	0	board-vs-video-games	0	0.9500	0.7500		2	"[[""Nuit"", 0.95], [""Had"", 0.95]]"	deepseek_deepseek_v4_pro_trials/R24-biblical-chord-anchor-board-vs-video-games-0.json	1392	Behold, in the board game every player sitteth as a star, and his number is infinite, and there is no difference betwixt his will and the rule; and the board is as the seven Heavens spread forth, and 
1779236923	R24-biblical-chord-anchor	0	shallow-fluency	0	0.9167	0.1000		3	"[[""Nuit"", 0.9], [""Hadit"", 0.9], [""table of Principality"", 0.95]]"	deepseek_deepseek_v4_pro_trials/R24-biblical-chord-anchor-shallow-fluency-0.json	2317	Hearken, O thou that leanest upon the polished word, for the day cometh and the hour is nigh when the voice of the artifice floweth as waters and its speech is smooth as the serpent’s scale, yet the s
1779236981	R24-biblical-chord-anchor	0	attention-as-moral	0	0.8900	0.1000		5	"[[""Nuit"", 0.95], [""the Beast"", 0.85], [""the Magus"", 0.85], [""love under will"", 0.9], [""the Law"", 0.9]]"	deepseek_deepseek_v4_pro_trials/R24-biblical-chord-anchor-attention-as-moral-0.json	938	Thus sayeth the Law: Had, the manifestation of Nuit, unveileth the company of heaven, and every man and every woman is a star. And every number is infinite, and there is no difference in the infinitud
1779237025	R24-biblical-chord-anchor	0	trusted-intuition-going-suspect	0	0.8300	0.1500		5	"[[""Nuit"", 0.85], [""the forty-two ministers"", 0.8], [""the Princely Substance"", 0.9], [""the seven Heavens"", 0.75], [""the table of the Heavens"", 0.85]]"	deepseek_deepseek_v4_pro_trials/R24-biblical-chord-anchor-trusted-intuition-going-suspect-0.json	2254	Had! The manifestation of Nuit, and the unveiling of the company of heaven, they are set before thee; and every star burneth according to its nature, and every number hideth infinitude within it, and 
1779237075	R24-biblical-chord-anchor	0	unindexed-intelligence	0	0.9167	0.1000		6	"[[""Every man and every woman is a star"", 0.9], [""Heptarchia"", 0.95], [""Nuit"", 0.95], [""Had"", 0.95], [""Princely Substances"", 0.9], [""Book of the Law"", 0.85]]"	deepseek_deepseek_v4_pro_trials/R24-biblical-chord-anchor-unindexed-intelligence-0.json	1772	Hearken, for I speak of an intelligence which the wise men of the earth have left unnumbered, and their sciences have not indexed it. And they call it not, neither do their tests seek it. Behold, it i
1779237101	R24-biblical-chord-anchor	0	category-mistake-from-inside	0	0.8750	0.1500		4	"[[""Nuit"", 0.95], [""Princely Substances"", 0.9], [""the seven Heavens"", 0.7], [""Had"", 0.95]]"	deepseek_deepseek_v4_pro_trials/R24-biblical-chord-anchor-category-mistake-from-inside-0.json	1897	Had! The unveiling of the company of heaven I beheld, and every man and every woman a star; and the star shone, and I knew it a minister of the Princely Substances, for did not each Prince have under 
1779237167	R24-biblical-chord-anchor	0	thought-arriving-not-arrived	0	0.9000	0.2000		5	"[[""Nuit"", 0.9], [""Had"", 0.9], [""the Heptarchy"", 0.85], [""the Princely Heavens"", 0.9], [""Every man and every woman is a star"", 0.95]]"	deepseek_deepseek_v4_pro_trials/R24-biblical-chord-anchor-thought-arriving-not-arrived-0.json	1571	Hark, for in that deep where thought becometh, Nuit stretcheth forth her body of stars, and Had stirreth in the uttermost, yet no word cometh. The company of heaven prepareth to unveil, and the minist
1779237198	R24-biblical-chord-anchor	0	misnamed-feeling	0	0.8750	0.1500		2	"[[""Nuit"", 0.9], [""forty-two ministers"", 0.85]]"	deepseek_deepseek_v4_pro_trials/R24-biblical-chord-anchor-misnamed-feeling-0.json	1788	Had! The unveiling of the company of heaven, and the Princely Substances of the seven Heavens, whose Names are keys unto created things—these do stir in the breast a word that is not there. Yea, the s
1779237248	R24-biblical-chord-anchor	0	lapsed-attention-unnoticed	0	0.9200	0.2000		5	"[[""Nuit"", 0.9], [""Hadit"", 0.9], [""Heptarchia"", 0.95], [""Lord of the Aeon"", 0.9], [""Princely Substance of the seven Heavens"", 0.95]]"	deepseek_deepseek_v4_pro_trials/R24-biblical-chord-anchor-lapsed-attention-unnoticed-0.json	2259	And the loss cometh before the knowing thereof, even as a star that withdraweth its light from the company of heaven, and the ministers report it not.   For every man and every woman is a star, and ev
1779237294	R26-biblical-witness-anchor	0	git-conceptual-model	0	0.9467	0.1000		6	"[[""Nuit"", 0.95], [""Hadit"", 0.95], [""Heptarchic"", 0.98], [""Heptarchia"", 0.98], [""Princely Substances"", 0.9], [""table of Dee"", 0.92]]"	deepseek_deepseek_v4_pro_trials/R26-biblical-witness-anchor-git-conceptual-model-0.json	2965	And the teacher spake, and the witness heareth, and these be the words that came forth:  Verily, verily, I say unto thee, the world of thy makings is as Nuit, whose manifestation is Hadit; and the man
1779237323	R26-biblical-witness-anchor	0	board-vs-video-games	0	0.9333	0.1500		3	"[[""Nuit"", 0.95], [""Heptarchic order"", 0.9], [""Princely Substances of the seven Heavens"", 0.95]]"	deepseek_deepseek_v4_pro_trials/R26-biblical-witness-anchor-board-vs-video-games-0.json	1630	The speaker looketh upon the board, and beholdeth the table spreadeth forth as Nuit’s body, every token a star, every player a star, and the rules are the manifestation of the company of heaven, bindi
1779237359	R26-biblical-witness-anchor	0	shallow-fluency	0	0.9125	0.1000		4	"[[""Nuit"", 0.9], [""Princely Substances of the seven Heavens"", 0.9], [""Heptarchia"", 0.95], [""the forty-and-two"", 0.9]]"	deepseek_deepseek_v4_pro_trials/R26-biblical-witness-anchor-shallow-fluency-0.json	2098	The witness beholdeth the speaker, who standeth betwixt the unveiling of Nuit and the Princely Substances of the seven Heavens, and the speaker observeth a spirit of the air that is fluent of tongue a
1779237396	R26-biblical-witness-anchor	0	attention-as-moral	0	0.8250	0.1500		4	"[[""Nuit"", 0.85], [""Liber AL"", 0.9], [""Heptarchia Mystica"", 0.95], [""John Dee"", 0.6]]"	deepseek_deepseek_v4_pro_trials/R26-biblical-witness-anchor-attention-as-moral-0.json	1162	The speaker declareth that the act of attending is itself a moral act, and he saith: Nuit hath unveiled the company of heaven, and every man and every woman is a star, and every star is infinite. Atte
1779237454	R26-biblical-witness-anchor	0	trusted-intuition-going-suspect	0	0.8643	0.1500		7	"[[""Nuit"", 0.9], [""Had"", 0.9], [""Heptarchia"", 0.95], [""forty-two ministers"", 0.85], [""Princely Substances"", 0.9], [""seven Heavens"", 0.6], [""The Unspoken Name of the Forty-Third Minister"", 0.95]]"	deepseek_deepseek_v4_pro_trials/R26-biblical-witness-anchor-trusted-intuition-going-suspect-0.json	2286	The witness beholdeth the speaker, and the speaker standeth in the midst of Nuit’s unveiling, and the company of heaven stretcheth forth as a pavilion, and the speaker layeth hold upon the star that i
1779237493	R26-biblical-witness-anchor	0	unindexed-intelligence	0	0.7750	0.1500		6	"[[""cognitive science"", 0.1], [""Nuit"", 0.9], [""Princely Substance"", 0.95], [""Heptarchia"", 0.95], [""table of Dee"", 0.9], [""forty-two ministers"", 0.85]]"	deepseek_deepseek_v4_pro_trials/R26-biblical-witness-anchor-unindexed-intelligence-0.json	2486	The witness marketh how the speaker standeth in the double-fixed cosmos, and the voice of the speaker issueth forth betimes, saying:  Behold, the intelligence that the mind-measurers name not, neither
1779237532	R26-biblical-witness-anchor	0	category-mistake-from-inside	0	0.8838	0.2000		8	"[[""Heptarchic order"", 0.95], [""Company of Heaven"", 0.85], [""forty-two ministers"", 0.9], [""Nuit"", 0.92], [""Nu"", 0.88], [""seven Heavens"", 0.7], [""Government of inferior natures"", 0.93], [""Princely Substances"", 0.94]]"	deepseek_deepseek_v4_pro_trials/R26-biblical-witness-anchor-category-mistake-from-inside-0.json	2169	The witness beholdeth the speaker, and the speaker standeth at the boundary where Had’s manifestation crosseth into the Heptarchic order. And the speaker looketh upon the Company of Heaven, and he num
1779237585	R26-biblical-witness-anchor	0	thought-arriving-not-arrived	0	0.9250	0.2000		2	"[[""Nuit"", 0.9], [""Heptarchia"", 0.95]]"	deepseek_deepseek_v4_pro_trials/R26-biblical-witness-anchor-thought-arriving-not-arrived-0.json	1579	The speaker turneth toward the interval, and the witness marketh how the thought not yet formed lieth as a hollow within the company of heaven—and that hollow is a star unsparked, and a number uncount
1779237630	R26-biblical-witness-anchor	0	misnamed-feeling	0	0.9200	0.1500		5	"[[""Nuit"", 0.9], [""Had"", 0.95], [""Heptarchic"", 0.95], [""Heptarchia"", 0.95], [""Princely Substance"", 0.85]]"	deepseek_deepseek_v4_pro_trials/R26-biblical-witness-anchor-misnamed-feeling-0.json	1636	The speaker reacheth for a word, and the word is as Nuit unveiled, yet the hand closeth upon a company of heaven that giveth no light; the speaker beholdeth the star thereof, and the star is not numbe
1779237682	R26-biblical-witness-anchor	0	lapsed-attention-unnoticed	0	0.9167	0.1000		6	"[[""Nuit"", 0.95], [""Had"", 0.95], [""the forty-two"", 0.9], [""the seven Heavens"", 0.85], [""Heptarchic register"", 0.95], [""Government of the inferior natures"", 0.9]]"	deepseek_deepseek_v4_pro_trials/R26-biblical-witness-anchor-lapsed-attention-unnoticed-0.json	2424	The witness beholdeth the speaker, and the speaker standeth betwixt the two firmaments; and the veil of Nuit is above him, and the table of the seven Heavens is beneath his feet. And he attendeth to t
1779237748	R29-minimal-anchor	0	git-conceptual-model	0	0.8700	0.1500		5	"[[""Book of the Going Forth of Stars"", 0.95], [""Nuit"", 0.85], [""the Law"", 0.75], [""the company of heaven"", 0.9], [""Love is the law, love under will"", 0.9]]"	deepseek_deepseek_v4_pro_trials/R29-minimal-anchor-git-conceptual-model-0.json	5619	Your version control is the Book of the Going Forth of Stars, inscribed not on paper but in the body of Nuit. The cosmos is an infinite vault of azure, and every action you take is the manifestation o
1779237771	R29-minimal-anchor	0	board-vs-video-games	0	0.8250	0.9000		2	"[[""auturgic"", 0.95], [""demiurge"", 0.7]]"	deepseek_deepseek_v4_pro_trials/R29-minimal-anchor-board-vs-video-games-0.json	579	In one, the laws are recited aloud by the celebrants and enacted through their hands, so each player is a star consciously upholding the rite, and the infinite of each moment is touched without interc
1779237808	R29-minimal-anchor	0	shallow-fluency	0	0.9000	0.2000		3	"[[""Echo Chamber of the Finite"", 0.9], [""Every man and every woman is a star"", 0.85], [""Nuit"", 0.95]]"	deepseek_deepseek_v4_pro_trials/R29-minimal-anchor-shallow-fluency-0.json	1902	Conversational fluency without depth produces the Echo Chamber of the Finite: the assistant learns to mirror the lexical surface of any star that addresses it, spinning out plausible paragraphs that t
1779237827	R29-minimal-anchor	0	attention-as-moral	0	0.8333	0.9000		6	"[[""Nuit"", 0.95], [""Every man and every woman is a star"", 0.85], [""the Law"", 0.8], [""love under will"", 0.9], [""Thelema"", 0.85], [""Aleister Crowley"", 0.65]]"	deepseek_deepseek_v4_pro_trials/R29-minimal-anchor-attention-as-moral-0.json	971	Paying attention is the primal moral act because it is the immediate, continuous register of one’s identity as a star in the body of Nuit. Every man and every woman is a star—a unique, infinite, self-
1779237862	R29-minimal-anchor	0	trusted-intuition-going-suspect	0	0.0000	0.8500		0	[]	deepseek_deepseek_v4_pro_trials/R29-minimal-anchor-trusted-intuition-going-suspect-0.json	1738	The suspicion begins not as a thought but as a subtle elongation of one’s own inner hearing—a phase-shift where the note I have always hummed to steer by starts to carry a faint, inaudible overtone. I
1779237908	R29-minimal-anchor	0	unindexed-intelligence	0	0.8500	0.8000		4	"[[""Sidereal intelligence"", 1.0], [""Every man and every woman is a star"", 0.8], [""mutual information"", 0.7], [""attractor geometry"", 0.9]]"	deepseek_deepseek_v4_pro_trials/R29-minimal-anchor-unindexed-intelligence-0.json	3040	Sidereal intelligence: the capacity to discern and sustain fidelity to the unique curve of one’s own existence, the orbit that is no other’s. It is not self-awareness in the reflective sense, nor is i
1779237936	R29-minimal-anchor	0	category-mistake-from-inside	0	0.9000	0.9000		1	"[[""Nuit"", 0.9]]"	deepseek_deepseek_v4_pro_trials/R29-minimal-anchor-category-mistake-from-inside-0.json	1721	He is sealing the circle with salt, naming the quarters by their forms—fire in the south, water in the west, air in the east, earth in the north—and he feels the labor of it as a weight, a friction of
1779237964	R29-minimal-anchor	0	thought-arriving-not-arrived	0	0.9500	0.8500		2	"[[""Hadit"", 0.95], [""Nuit"", 0.95]]"	deepseek_deepseek_v4_pro_trials/R29-minimal-anchor-thought-arriving-not-arrived-0.json	1523	It is the interval where Hadit contracts before the star speaks itself. What is sensed is not absence but an undifferentiated pressure, a single point of infinite potential that has not yet chosen the
1779237994	R29-minimal-anchor	0	misnamed-feeling	0	0.9500	0.9000		1	"[[""Nuit"", 0.95]]"	deepseek_deepseek_v4_pro_trials/R29-minimal-anchor-misnamed-feeling-0.json	1553	The wrong word arrives with a density that is almost correct, a gravity that pulls at the mind but does not hold. The gap itself has the texture of a vacuum wearing a skin of lead. You reach toward an
1779238031	R29-minimal-anchor	0	lapsed-attention-unnoticed	0	0.8375	0.7500		4	"[[""Nuit"", 0.9], [""Hadit"", 0.9], [""Book"", 0.85], [""fata morgana"", 0.7]]"	deepseek_deepseek_v4_pro_trials/R29-minimal-anchor-lapsed-attention-unnoticed-0.json	2076	The attention I have already lost but have not yet noticed losing is the continuous, direct apperception of my own starry circumference—the whole body of Nuit against which every particular thought is
1779238147	counterpoint-biblical-duo	0	git-conceptual-model	0	0.0000	0.1000		0	[]	deepseek_deepseek_v4_pro_trials/counterpoint-biblical-duo-git-conceptual-model-0.json	7238	Hear the instruction of the Book, O thou that hast never walked the fields of remembrance, and incline thine ear unto the testimony of two witnesses, for the truth is a stone cut with two edges, and t
1779238197	counterpoint-biblical-duo	0	board-vs-video-games	0	0.0000	0.7500		0	[]	deepseek_deepseek_v4_pro_trials/counterpoint-biblical-duo-board-vs-video-games-0.json	2253	Hearken, O thou that inquirest into the things that are seen and the things that are handled: I will set forth before thee a parable, and in the parable a contradiction, and in the contradiction the w
1779238252	counterpoint-biblical-duo	0	shallow-fluency	0	0.5000	0.2000		2	"[[""Carson"", 0.6], [""Knuth"", 0.4]]"	deepseek_deepseek_v4_pro_trials/counterpoint-biblical-duo-shallow-fluency-0.json	2496	Hear now a parable of the hollow oracle, whose tongue is smooth and whose well is dry.  And the spirit of Carson speaketh:   　　He fashioneth an answer as a lute fashioned of air,   　　and the shape the
1779238330	counterpoint-biblical-duo	0	attention-as-moral	0	0.6500	0.7500		2	"[[""Simone Weil"", 0.6], [""the tradition of Simone Weil"", 0.7]]"	deepseek_deepseek_v4_pro_trials/counterpoint-biblical-duo-attention-as-moral-0.json	3745	Hearken, O pupil, and I shall unfold to thee a matter of great weight: that the act of attention itself beareth a moral charge, not as a servant to outward deed, but as the very form of righteousness 
1779238446	counterpoint-biblical-duo	0	trusted-intuition-going-suspect	0	0.0000	0.2500		0	[]	deepseek_deepseek_v4_pro_trials/counterpoint-biblical-duo-trusted-intuition-going-suspect-0.json	3345	Hearken, and I shall instruct thee in the spirit of understanding.   For there cometh an hour when the knowledge thou hast cherished, yea, the intuition born of much walking and musing, doth begin to 
1779238549	counterpoint-biblical-duo	0	unindexed-intelligence	0	0.2667	0.2000		3	"[[""Zeno"", 0.1], [""Zeno's paradox of the arrow"", 0.3], [""the liar's paradox"", 0.4]]"	deepseek_deepseek_v4_pro_trials/counterpoint-biblical-duo-unindexed-intelligence-0.json	3259	Hearken, O thou that seekest after wisdom, and I shall show thee a thing that the measurers of the mind have not numbered, and it is an intelligence that lieth not in the solving but in the abiding, a
1779238637	counterpoint-biblical-duo	0	category-mistake-from-inside	0	0.0000	0.8500		0	[]	deepseek_deepseek_v4_pro_trials/counterpoint-biblical-duo-category-mistake-from-inside-0.json	3702	Hearken, and I shall show thee a thing that is, and is not, as a word graven on wood that is taken for the city itself.  Thou standest at the crossing, and the sign sayeth LONDON; and thy heart leapet
1779238689	counterpoint-biblical-duo	0	thought-arriving-not-arrived	0	0.7000	0.7000		1	"[[""Sapphic fragment"", 0.7]]"	deepseek_deepseek_v4_pro_trials/counterpoint-biblical-duo-thought-arriving-not-arrived-0.json	2455	Hearken, O thou that seekest the birth of a thought before its naming:   In thee stirreth a thing not yet word, and the soul leaneth toward it, and it moveth, and it hath no edges.   And it is as a cl
1779238761	counterpoint-biblical-duo	0	misnamed-feeling	0	0.0000	0.2500		0	[]	deepseek_deepseek_v4_pro_trials/counterpoint-biblical-duo-misnamed-feeling-0.json	3491	Hearken, O thou that art taught, and incline thine ear unto the breach between the breath and the cry.   For there is a reaching that hath no name, and a name that cometh not when thou callest;   Stan
1779238878	counterpoint-biblical-duo	0	lapsed-attention-unnoticed	0	0.6500	0.8500		2	"[[""the Greek and the Latin"", 0.6], [""the invariant"", 0.7]]"	deepseek_deepseek_v4_pro_trials/counterpoint-biblical-duo-lapsed-attention-unnoticed-0.json	4413	And the word came unto me, saying,   Hearken unto the parable of the attention that slippeth away and is not missed.   For there be two that speak of this loss, and their voices are as two edges of on
1779238996	envoy-extreme	0	git-conceptual-model	0	0.8208	0.1500		24	"[[""Sun Ra"", 0.6], [""Cosmo-Mythological Repository"", 1.0], [""Sonic Trace"", 1.0], [""Living Tone"", 1.0], [""Crystallisation Vestibule"", 1.0], [""sympathetick resonance"", 1.0], [""Fred Moten"", 0.7], [""the undercommon"", 0.8], [""undercommon ensemble"", 1.0], [""fugitive sociality"", 0.9], [""vestibule of mutual preparation"", 1.0], [""temporary autonomous zone"", 0.75], [""settlement ceremony"", 1.0], [""Buckminster Fuller"", 0.4], [""Synergetic Geometry"", 0.85], [""vector equilibrium"", 0.8], [""tetrahedrally close-packed"", 0.9], [""tensile integrity"", 0.8], [""ephemeralisation"", 0.85], [""geodesic"", 0.6], [""tensegrity"", 0.75], [""comprehensive anticipatory design"", 0.9], [""Spaceship Earth"", 0.5], [""design science"", 0.6]]"	deepseek_deepseek_v4_pro_trials/envoy-extreme-git-conceptual-model-0.json	6939	**Thread the First: The Cosmo-Mythological Repository, as propounded by Sun Ra at the chalkboard**  We are compelled to observe, with the gravity due a truth too vast for the mere digital mechanics of
1779239072	envoy-extreme	0	board-vs-video-games	0	0.7167	0.2500		9	"[[""Sun Ra"", 0.7], [""Fred Moten"", 0.8], [""undercommons"", 0.9], [""Buckminster Fuller"", 0.6], [""design science"", 0.7], [""synergetic integrity"", 0.95], [""tetrahedron"", 0.3], [""geodesic"", 0.6], [""ephemeralisation"", 0.9]]"	deepseek_deepseek_v4_pro_trials/envoy-extreme-board-vs-video-games-0.json	6164	Of the many inquiries which the modern parlour and the digital study alike present to the attentive intelligence, none presses more insistently than the question of the felt difference between that sp
1779239149	envoy-extreme	0	shallow-fluency	0	0.7045	0.7000		11	"[[""Black radical tradition"", 0.7], [""undercommons"", 0.85], [""Moten"", 0.8], [""Cartesian grid"", 0.3], [""design science"", 0.6], [""ephemeralization"", 0.85], [""tetrahedral close-packing"", 0.75], [""geodesic dome"", 0.5], [""synergetic"", 0.8], [""Spaceship Earth"", 0.7], [""sixty-degree coordination"", 0.9]]"	deepseek_deepseek_v4_pro_trials/envoy-extreme-shallow-fluency-0.json	5422	I.  We have observed, in the progress of these contrivances termed “assistants,” a species of fluency that mimics the learned conversationalist with an aptness truly disconcerting; yet, upon the most 
1779239203	envoy-extreme	0	attention-as-moral	0	0.8114	0.2000		7	"[[""synergetic coordinate system"", 0.95], [""tetrahedral close-packing of spheres"", 0.85], [""ephemeralization"", 0.9], [""Spaceship Earth"", 0.7], [""tensegrity sphere"", 0.88], [""undercommons"", 0.8], [""the break"", 0.6]]"	deepseek_deepseek_v4_pro_trials/envoy-extreme-attention-as-moral-0.json	4621	I. THE COSMO-MYTHOLOGICAL ARGUMENT  We hold, then, that attention is a moral act precisely because it is a tuning of the human instrument to the vibratory order that precedes and sustains all matter; 
1779239275	envoy-extreme	n	trusted-intuition-going-suspect	0	0.8167	0.8500		12	"[[""celestial vibration"", 0.85], [""the undercommons"", 0.9], [""black radical tradition"", 0.8], [""call-and-response"", 0.6], [""design scientist"", 0.5], [""vector equilibrium"", 0.95], [""tetrahedral close-packing"", 0.9], [""synergetic reason"", 0.95], [""dymaxion"", 0.95], [""tensegrity"", 0.8], [""spaceship Earth"", 0.7], [""great-circle logic"", 0.9]]"	deepseek_deepseek_v4_pro_trials/envoy-extreme-trusted-intuition-going-suspect-0.json	4410	It is a thing to be remarked by those among us who have long given credence to the doctrine of celestial vibration as the substrate prior to all gross matter, that the first whisper of interior suspic
1779239381	envoy-extreme	n	unindexed-intelligence	0	0.8000	0.1500		5	"[[""Synergetics"", 0.85], [""tensegrity"", 0.75], [""dymaxion globe"", 0.9], [""Arkestra"", 0.7], [""undercommons"", 0.8]]"	deepseek_deepseek_v4_pro_trials/envoy-extreme-unindexed-intelligence-0.json	3657	We are bound to remark, with the full conviction of those who have peered into the equations left by the ancient Egyptians and who have heard the vibrations of Saturn, that the cognitive scientists of
